{"stats":{"minecraft:custom":{"minecraft:jump":42,"minecraft:open_chest":7,"minecraft:time_since_rest":944,"minecraft:leave_game":1,"minecraft:deaths":1,"minecraft:damage_dealt":85,"minecraft:crouch_one_cm":95,"minecraft:sprint_one_cm":7277,"minecraft:play_time":19270,"minecraft:walk_on_water_one_cm":42355,"minecraft:time_since_death":919,"minecraft:walk_one_cm":5402,"minecraft:climb_one_cm":185,"minecraft:sneak_time":1540,"minecraft:total_world_time":19270,"minecraft:walk_under_water_one_cm":97929,"minecraft:interact_with_cartography_table":1,"minecraft:fly_one_cm":473020,"minecraft:open_barrel":6},"minecraft:used":{"aquamirae:wisteria_niveis":1,"aquamirae:oxygelium":1,"minecraft:splash_potion":2},"minecraft:picked_up":{"aquamirae:oxygelium":1}},"DataVersion":3120}