{"stats":{"minecraft:used":{"minecraft:water_bucket":1,"minecraft:fishing_rod":2,"minecraft:dirt":2,"minecraft:flint_and_steel":2,"minecraft:stone":69,"minecraft:obsidian":29},"minecraft:custom":{"minecraft:time_since_rest":324,"minecraft:open_chest":4,"minecraft:crouch_one_cm":691,"minecraft:sprint_one_cm":7116,"minecraft:play_time":7268,"minecraft:deaths":1,"minecraft:walk_one_cm":3955,"minecraft:sneak_time":1029,"minecraft:walk_under_water_one_cm":24143,"minecraft:mob_kills":1,"minecraft:jump":91,"minecraft:damage_dealt":6,"minecraft:leave_game":2,"minecraft:walk_on_water_one_cm":4888,"minecraft:time_since_death":280,"minecraft:climb_one_cm":498,"minecraft:total_world_time":7268,"minecraft:fish_caught":1,"minecraft:fly_one_cm":162991},"minecraft:mined":{"minecraft:grass_block":2,"minecraft:fern":1},"minecraft:picked_up":{"minecraft:kelp":2,"minecraft:tropical_fish":1,"minecraft:wheat_seeds":1,"minecraft:dirt":2}},"DataVersion":3120}