{
  "minecraft:recipes/transportation/dark_oak_boat": {
    "criteria": {
      "in_water": "2024-06-13 15:33:43 +0000"
    },
    "done": true
  },
  "minecraft:recipes/transportation/birch_boat": {
    "criteria": {
      "in_water": "2024-06-13 15:33:43 +0000"
    },
    "done": true
  },
  "minecraft:recipes/misc/gold_nugget_from_smelting": {
    "criteria": {
      "has_golden_axe": "2024-06-13 15:49:08 +0000"
    },
    "done": true
  },
  "aquamirae:adventure/find_ice_maze": {
    "criteria": {
      "deep_frozen_ocean": "2024-06-13 15:45:07 +0000"
    },
    "done": true
  },
  "minecraft:recipes/transportation/mangrove_boat": {
    "criteria": {
      "in_water": "2024-06-13 15:33:43 +0000"
    },
    "done": true
  },
  "aquamirae:recipes/wisteria_niveis": {
    "criteria": {
      "has_item": "2024-06-13 15:45:19 +0000"
    },
    "done": true
  },
  "minecraft:recipes/transportation/acacia_boat": {
    "criteria": {
      "in_water": "2024-06-13 15:33:43 +0000"
    },
    "done": true
  },
  "minecraft:recipes/transportation/oak_boat": {
    "criteria": {
      "in_water": "2024-06-13 15:33:43 +0000"
    },
    "done": true
  },
  "minecraft:recipes/transportation/jungle_boat": {
    "criteria": {
      "in_water": "2024-06-13 15:33:43 +0000"
    },
    "done": true
  },
  "aquamirae:recipes/oxygelium": {
    "criteria": {
      "has_item": "2024-06-13 15:46:03 +0000"
    },
    "done": true
  },
  "minecraft:recipes/transportation/spruce_boat": {
    "criteria": {
      "in_water": "2024-06-13 15:33:43 +0000"
    },
    "done": true
  },
  "minecraft:recipes/misc/gold_nugget_from_blasting": {
    "criteria": {
      "has_golden_axe": "2024-06-13 15:49:08 +0000"
    },
    "done": true
  },
  "minecraft:adventure/adventuring_time": {
    "criteria": {
      "minecraft:deep_ocean": "2024-06-13 15:36:40 +0000",
      "minecraft:frozen_river": "2024-06-13 15:41:38 +0000",
      "minecraft:birch_forest": "2024-06-13 15:33:32 +0000",
      "minecraft:beach": "2024-06-13 15:33:47 +0000",
      "minecraft:dark_forest": "2024-06-13 15:33:20 +0000",
      "minecraft:river": "2024-06-13 15:33:29 +0000",
      "minecraft:snowy_plains": "2024-06-13 15:41:18 +0000",
      "minecraft:stony_shore": "2024-06-13 15:48:16 +0000",
      "minecraft:deep_cold_ocean": "2024-06-13 15:38:36 +0000",
      "minecraft:ice_spikes": "2024-06-13 15:40:19 +0000",
      "minecraft:frozen_ocean": "2024-06-13 15:40:48 +0000",
      "minecraft:deep_frozen_ocean": "2024-06-13 15:45:07 +0000",
      "minecraft:jungle": "2024-06-13 15:49:13 +0000",
      "minecraft:ocean": "2024-06-13 15:34:02 +0000",
      "minecraft:snowy_beach": "2024-06-13 15:48:07 +0000",
      "minecraft:old_growth_birch_forest": "2024-06-13 15:33:35 +0000"
    },
    "done": false
  },
  "aquamirae:recipes/pirate_pouch": {
    "criteria": {
      "has_item": "2024-06-13 15:45:25 +0000"
    },
    "done": true
  },
  "DataVersion": 3120
}